"Station.ID","GTFS.Latitude","GTFS.Longitude","Georeference","Complex.ID","Borough"
317,40.75529,-73.987495,"POINT (-73.987495 40.75529)",611,"M"
515,40.54046,-74.178217,"POINT (-74.178217 40.54046)",515,"SI"
139,40.680596,-73.955827,"POINT (-73.955827 40.680596)",627,"Bk"
349,40.663515,-73.902447,"POINT (-73.902447 40.663515)",349,"Bk"
108,40.711396,-73.889601,"POINT (-73.889601 40.711396)",108,"Q"
471,40.755882,-74.00191,"POINT (-74.00191 40.755882)",471,"M"
457,40.744149,-73.912549,"POINT (-73.912549 40.744149)",457,"Q"
373,40.812118,-73.904098,"POINT (-73.904098 40.812118)",373,"Bx"
97,40.697207,-73.935657,"POINT (-73.935657 40.697207)",97,"Bk"
234,40.713715,-73.990173,"POINT (-73.990173 40.713715)",234,"M"
248,40.61514,-73.974197,"POINT (-73.974197 40.61514)",248,"Bk"
336,40.690545,-73.985065,"POINT (-73.985065 40.690545)",336,"Bk"
110,40.704423,-73.903077,"POINT (-73.903077 40.704423)",110,"Q"
502,40.636949,-74.074835,"POINT (-74.074835 40.636949)",502,"SI"
37,40.629742,-74.02551,"POINT (-74.02551 40.629742)",37,"Bk"
170,40.714111,-74.008585,"POINT (-74.008585 40.714111)",624,"M"
363,40.839892,-73.842952,"POINT (-73.842952 40.839892)",363,"Bx"
217,40.839306,-73.9134,"POINT (-73.9134 40.839306)",217,"Bx"
400,40.762526,-73.967967,"POINT (-73.967967 40.762526)",613,"M"
432,40.819585,-73.90177,"POINT (-73.90177 40.819585)",432,"Bx"
253,40.581011,-73.974574,"POINT (-73.974574 40.581011)",253,"Bk"
78,40.597473,-73.979137,"POINT (-73.979137 40.597473)",78,"Bk"
368,40.829521,-73.874516,"POINT (-73.874516 40.829521)",368,"Bx"
247,40.620769,-73.975264,"POINT (-73.975264 40.620769)",247,"Bk"
8,40.764811,-73.973347,"POINT (-73.973347 40.764811)",8,"M"
69,40.597704,-73.986829,"POINT (-73.986829 40.597704)",69,"Bk"
393,40.798629,-73.941617,"POINT (-73.941617 40.798629)",393,"M"
202,40.583209,-73.827559,"POINT (-73.827559 40.583209)",202,"Q"
258,40.709179,-73.820574,"POINT (-73.820574 40.709179)",258,"Q"
14,40.741303,-73.989344,"POINT (-73.989344 40.741303)",14,"M"
13,40.745494,-73.988691,"POINT (-73.988691 40.745494)",13,"M"
304,40.826551,-73.95036,"POINT (-73.95036 40.826551)",304,"M"
144,40.865491,-73.927271,"POINT (-73.927271 40.865491)",144,"M"
101,40.708359,-73.957757,"POINT (-73.957757 40.708359)",101,"Bk"
463,40.742216,-73.948916,"POINT (-73.948916 40.742216)",463,"Q"
154,40.805085,-73.954882,"POINT (-73.954882 40.805085)",154,"M"
174,40.692338,-73.987342,"POINT (-73.987342 40.692338)",636,"Bk"
33,40.648939,-74.010006,"POINT (-74.010006 40.648939)",33,"Bk"
185,40.674542,-73.896548,"POINT (-73.896548 40.674542)",185,"Bk"
290,40.688873,-73.96007,"POINT (-73.96007 40.688873)",290,"Bk"
46,40.640927,-73.963891,"POINT (-73.963891 40.640927)",46,"Bk"
272,40.752039,-73.928781,"POINT (-73.928781 40.752039)",272,"Q"
412,40.710368,-74.009509,"POINT (-74.009509 40.710368)",628,"M"
425,40.848828,-73.868457,"POINT (-73.868457 40.848828)",425,"Bx"
444,40.869526,-73.846384,"POINT (-73.846384 40.869526)",444,"Bx"
65,40.613501,-74.00061,"POINT (-74.00061 40.613501)",65,"Bk"
285,40.712792,-73.951418,"POINT (-73.951418 40.712792)",629,"Bk"
273,40.748973,-73.937243,"POINT (-73.937243 40.748973)",273,"Q"
381,40.86776,-73.897174,"POINT (-73.897174 40.86776)",381,"Bx"
18,40.719527,-74.001775,"POINT (-74.001775 40.719527)",623,"M"
300,40.855225,-73.929412,"POINT (-73.929412 40.855225)",300,"M"
262,40.726523,-73.852719,"POINT (-73.852719 40.726523)",262,"Q"
184,40.678334,-73.905316,"POINT (-73.905316 40.678334)",621,"Bk"
1,40.775036,-73.912034,"POINT (-73.912034 40.775036)",1,"Q"
358,40.639967,-73.948411,"POINT (-73.948411 40.639967)",358,"Bk"
126,40.706607,-73.922913,"POINT (-73.922913 40.706607)",126,"Bk"
467,40.755477,-73.987691,"POINT (-73.987691 40.755477)",611,"M"
507,40.588849,-74.09609,"POINT (-74.09609 40.588849)",507,"SI"
196,40.672097,-73.835919,"POINT (-73.835919 40.672097)",196,"Q"
89,40.679947,-73.884639,"POINT (-73.884639 40.679947)",89,"Bk"
158,40.785868,-73.968916,"POINT (-73.968916 40.785868)",158,"M"
189,40.677044,-73.86505,"POINT (-73.86505 40.677044)",189,"Bk"
268,40.749669,-73.898453,"POINT (-73.898453 40.749669)",268,"Q"
50,40.617618,-73.959399,"POINT (-73.959399 40.617618)",50,"Bk"
294,40.884667,-73.90087,"POINT (-73.90087 40.884667)",294,"Bx"
341,40.671987,-73.964375,"POINT (-73.964375 40.671987)",341,"Bk"
408,40.725915,-73.994659,"POINT (-73.994659 40.725915)",619,"M"
45,40.644031,-73.964492,"POINT (-73.964492 40.644031)",45,"Bk"
449,40.75173,-73.855334,"POINT (-73.855334 40.75173)",449,"Q"
153,40.811109,-73.952343,"POINT (-73.952343 40.811109)",153,"M"
228,40.742878,-73.992821,"POINT (-73.992821 40.742878)",228,"M"
413,40.707557,-74.011862,"POINT (-74.011862 40.707557)",413,"M"
77,40.603923,-73.980353,"POINT (-73.980353 40.603923)",77,"Bk"
305,40.822008,-73.953676,"POINT (-73.953676 40.822008)",305,"M"
440,40.802098,-73.949625,"POINT (-73.949625 40.802098)",440,"M"
326,40.719318,-74.006886,"POINT (-74.006886 40.719318)",326,"M"
385,40.84848,-73.911794,"POINT (-73.911794 40.84848)",385,"Bx"
277,40.762862,-73.981637,"POINT (-73.981637 40.762862)",277,"M"
216,40.8459,-73.910136,"POINT (-73.910136 40.8459)",216,"Bx"
104,40.718092,-73.999892,"POINT (-73.999892 40.718092)",623,"M"
121,40.714063,-73.950275,"POINT (-73.950275 40.714063)",629,"Bk"
165,40.745906,-73.998041,"POINT (-73.998041 40.745906)",165,"M"
179,40.680438,-73.950426,"POINT (-73.950426 40.680438)",179,"Bk"
72,40.631386,-74.005351,"POINT (-74.005351 40.631386)",72,"Bk"
445,40.858985,-73.855359,"POINT (-73.855359 40.858985)",445,"Bx"
5,40.756804,-73.929575,"POINT (-73.929575 40.756804)",5,"Q"
211,40.873244,-73.887138,"POINT (-73.887138 40.873244)",211,"Bx"
377,40.810476,-73.926138,"POINT (-73.926138 40.810476)",377,"Bx"
114,40.697857,-73.927397,"POINT (-73.927397 40.697857)",114,"Bk"
354,40.662742,-73.95085,"POINT (-73.95085 40.662742)",354,"Bk"
238,40.67358,-73.995959,"POINT (-73.995959 40.67358)",238,"Bk"
369,40.828584,-73.879159,"POINT (-73.879159 40.828584)",369,"Bx"
475,40.784318,-73.947152,"POINT (-73.947152 40.784318)",475,"M"
332,40.709416,-74.006571,"POINT (-74.006571 40.709416)",628,"M"
503,40.627915,-74.075162,"POINT (-74.075162 40.627915)",503,"SI"
109,40.706186,-73.895877,"POINT (-73.895877 40.706186)",109,"Q"
149,40.836013,-73.939892,"POINT (-73.939892 40.836013)",149,"M"
26,40.690635,-73.981824,"POINT (-73.981824 40.690635)",26,"Bk"
404,40.74307,-73.984264,"POINT (-73.984264 40.74307)",404,"M"
309,40.799446,-73.968379,"POINT (-73.968379 40.799446)",309,"M"
221,40.754203,-73.942836,"POINT (-73.942836 40.754203)",221,"Q"
417,40.898379,-73.854376,"POINT (-73.854376 40.898379)",417,"Bx"
82,40.695178,-73.84433,"POINT (-73.84433 40.695178)",82,"Q"
133,40.675345,-73.903097,"POINT (-73.903097 40.675345)",133,"Bk"
25,40.69218,-73.985942,"POINT (-73.985942 40.69218)",636,"Bk"
337,40.688246,-73.980492,"POINT (-73.980492 40.688246)",337,"Bk"
134,40.669367,-73.901975,"POINT (-73.901975 40.669367)",134,"Bk"
40,40.68446,-73.97689,"POINT (-73.97689 40.68446)",617,"Bk"
364,40.836488,-73.847036,"POINT (-73.847036 40.836488)",364,"Bx"
243,40.644041,-73.979678,"POINT (-73.979678 40.644041)",243,"Bk"
57,40.576127,-73.975939,"POINT (-73.975939 40.576127)",57,"Bk"
249,40.608944,-73.973022,"POINT (-73.973022 40.608944)",249,"Bk"
389,40.827994,-73.925831,"POINT (-73.925831 40.827994)",604,"Bx"
436,40.82388,-73.93647,"POINT (-73.93647 40.82388)",436,"M"
322,40.737826,-74.000201,"POINT (-74.000201 40.737826)",601,"M"
206,40.592943,-73.776013,"POINT (-73.776013 40.592943)",206,"Q"
431,40.822181,-73.896736,"POINT (-73.896736 40.822181)",431,"Bx"
416,40.903125,-73.85062,"POINT (-73.85062 40.903125)",416,"Bx"
233,40.718611,-73.988114,"POINT (-73.988114 40.718611)",625,"M"
81,40.697418,-73.836345,"POINT (-73.836345 40.697418)",81,"Q"
254,40.712646,-73.783817,"POINT (-73.783817 40.712646)",254,"Q"
372,40.816104,-73.896435,"POINT (-73.896435 40.816104)",372,"Bx"
308,40.803967,-73.966847,"POINT (-73.966847 40.803967)",308,"M"
9,40.764664,-73.980658,"POINT (-73.980658 40.764664)",9,"M"
365,40.834255,-73.851222,"POINT (-73.851222 40.834255)",365,"Bx"
68,40.601875,-73.993728,"POINT (-73.993728 40.601875)",68,"Bk"
394,40.79502,-73.94425,"POINT (-73.94425 40.79502)",394,"M"
333,40.706821,-74.0091,"POINT (-74.0091 40.706821)",333,"M"
201,40.585307,-73.820558,"POINT (-73.820558 40.585307)",201,"Q"
10,40.759901,-73.984139,"POINT (-73.984139 40.759901)",10,"M"
220,40.830135,-73.938209,"POINT (-73.938209 40.830135)",220,"M"
516,40.533674,-74.191794,"POINT (-74.191794 40.533674)",516,"SI"
350,40.664635,-73.894895,"POINT (-73.894895 40.664635)",350,"Bk"
458,40.743132,-73.918435,"POINT (-73.918435 40.743132)",458,"Q"
426,40.841894,-73.873488,"POINT (-73.873488 40.841894)",426,"Bx"
384,40.853453,-73.907684,"POINT (-73.907684 40.853453)",384,"Bx"
476,40.777891,-73.951787,"POINT (-73.951787 40.777891)",476,"M"
276,40.760167,-73.975224,"POINT (-73.975224 40.760167)",276,"M"
286,40.706092,-73.950308,"POINT (-73.950308 40.706092)",286,"Bk"
161,40.768296,-73.981736,"POINT (-73.981736 40.768296)",614,"M"
21,40.710668,-74.011029,"POINT (-74.011029 40.710668)",624,"M"
421,40.87785,-73.866256,"POINT (-73.866256 40.87785)",421,"Bx"
318,40.750373,-73.991057,"POINT (-73.991057 40.750373)",318,"M"
53,40.595246,-73.955161,"POINT (-73.955161 40.595246)",53,"Bk"
192,40.680429,-73.843853,"POINT (-73.843853 40.680429)",192,"Q"
36,40.634967,-74.023377,"POINT (-74.023377 40.634967)",36,"Bk"
58,40.577422,-73.981233,"POINT (-73.981233 40.577422)",58,"Bk"
399,40.768141,-73.96387,"POINT (-73.96387 40.768141)",399,"M"
269,40.752885,-73.906006,"POINT (-73.906006 40.752885)",269,"Q"
138,40.646654,-73.90185,"POINT (-73.90185 40.646654)",138,"Bk"
166,40.740893,-74.00169,"POINT (-74.00169 40.740893)",618,"M"
281,40.746554,-73.943832,"POINT (-73.943832 40.746554)",606,"Q"
340,40.675235,-73.971046,"POINT (-73.971046 40.675235)",340,"Bk"
96,40.693342,-73.928814,"POINT (-73.928814 40.693342)",96,"Bk"
229,40.738228,-73.996209,"POINT (-73.996209 40.738228)",601,"M"
113,40.698664,-73.919711,"POINT (-73.919711 40.698664)",113,"Bk"
376,40.807566,-73.91924,"POINT (-73.91924 40.807566)",376,"Bx"
197,40.668234,-73.834058,"POINT (-73.834058 40.668234)",197,"Q"
511,40.56511,-74.12632,"POINT (-74.12632 40.56511)",511,"SI"
313,40.778453,-73.98197,"POINT (-73.98197 40.778453)",313,"M"
64,40.619589,-73.998864,"POINT (-73.998864 40.619589)",64,"Bk"
345,40.668897,-73.932942,"POINT (-73.932942 40.668897)",345,"Bk"
453,40.747659,-73.883697,"POINT (-73.883697 40.747659)",453,"Q"
90,40.678024,-73.891688,"POINT (-73.891688 40.678024)",90,"Bk"
122,40.714565,-73.944053,"POINT (-73.944053 40.714565)",122,"Bk"
85,40.691324,-73.867139,"POINT (-73.867139 40.691324)",85,"Q"
448,40.754622,-73.845625,"POINT (-73.845625 40.754622)",448,"Q"
409,40.722301,-73.997141,"POINT (-73.997141 40.722301)",409,"M"
224,40.763972,-73.97745,"POINT (-73.97745 40.763972)",224,"M"
441,40.799075,-73.951822,"POINT (-73.951822 40.799075)",441,"M"
157,40.791642,-73.964696,"POINT (-73.964696 40.791642)",157,"M"
32,40.655144,-74.003549,"POINT (-74.003549 40.655144)",32,"Bk"
257,40.70546,-73.810708,"POINT (-73.810708 40.70546)",257,"Q"
188,40.675377,-73.872106,"POINT (-73.872106 40.675377)",188,"Bk"
17,40.724329,-73.997702,"POINT (-73.997702 40.724329)",17,"M"
301,40.849505,-73.933596,"POINT (-73.933596 40.849505)",301,"M"
506,40.596612,-74.087368,"POINT (-74.087368 40.596612)",506,"SI"
169,40.720824,-74.005229,"POINT (-74.005229 40.720824)",169,"M"
143,40.868072,-73.919899,"POINT (-73.919899 40.868072)",143,"M"
49,40.625039,-73.960803,"POINT (-73.960803 40.625039)",49,"Bk"
357,40.645098,-73.948959,"POINT (-73.948959 40.645098)",357,"Bk"
452,40.748408,-73.876613,"POINT (-73.876613 40.748408)",452,"Q"
100,40.70687,-73.953431,"POINT (-73.953431 40.70687)",100,"Bk"
380,40.873412,-73.890064,"POINT (-73.890064 40.873412)",380,"Bx"
117,40.734789,-73.99073,"POINT (-73.99073 40.734789)",602,"M"
125,40.706152,-73.933147,"POINT (-73.933147 40.706152)",125,"Bk"
225,40.758663,-73.981329,"POINT (-73.981329 40.758663)",225,"M"
462,40.747023,-73.945264,"POINT (-73.945264 40.747023)",606,"Q"
325,40.722854,-74.006277,"POINT (-74.006277 40.722854)",325,"M"
193,40.681711,-73.837683,"POINT (-73.837683 40.681711)",193,"Q"
105,40.713243,-74.003401,"POINT (-74.003401 40.713243)",622,"M"
118,40.732849,-73.986122,"POINT (-73.986122 40.732849)",118,"M"
212,40.866978,-73.893509,"POINT (-73.893509 40.866978)",212,"Bx"
344,40.669399,-73.942161,"POINT (-73.942161 40.669399)",344,"Bk"
22,40.70722,-74.013342,"POINT (-74.013342 40.70722)",22,"M"
86,40.689941,-73.87255,"POINT (-73.87255 40.689941)",86,"Bk"
173,40.699337,-73.990531,"POINT (-73.990531 40.699337)",173,"Bk"
261,40.721691,-73.844521,"POINT (-73.844521 40.721691)",261,"Q"
130,40.688764,-73.904046,"POINT (-73.904046 40.688764)",130,"Bk"
289,40.689627,-73.953522,"POINT (-73.953522 40.689627)",289,"Bk"
523,40.516578,-74.242096,"POINT (-74.242096 40.516578)",523,"SI"
135,40.664038,-73.900571,"POINT (-73.900571 40.664038)",135,"Bk"
321,40.74104,-73.997871,"POINT (-73.997871 40.74104)",321,"M"
129,40.695602,-73.904084,"POINT (-73.904084 40.695602)",129,"Q"
466,40.753821,-73.981963,"POINT (-73.981963 40.753821)",609,"M"
237,40.680303,-73.995048,"POINT (-73.995048 40.680303)",237,"Bk"
353,40.667883,-73.950683,"POINT (-73.950683 40.667883)",353,"Bk"
244,40.636119,-73.978172,"POINT (-73.978172 40.636119)",244,"Bk"
250,40.603217,-73.972361,"POINT (-73.972361 40.603217)",250,"Bk"
390,40.818375,-73.927351,"POINT (-73.927351 40.818375)",603,"Bx"
510,40.57348,-74.11721,"POINT (-74.11721 40.57348)",510,"SI"
205,40.592374,-73.788522,"POINT (-73.788522 40.592374)",205,"Q"
435,40.81841,-73.926718,"POINT (-73.926718 40.81841)",603,"Bx"
27,40.683666,-73.97881,"POINT (-73.97881 40.683666)",617,"Bk"
422,40.871356,-73.867164,"POINT (-73.867164 40.871356)",422,"Bx"
41,40.67705,-73.972367,"POINT (-73.972367 40.67705)",41,"Bk"
54,40.586896,-73.954155,"POINT (-73.954155 40.586896)",54,"Bk"
59,40.646292,-73.994324,"POINT (-73.994324 40.646292)",59,"Bk"
167,40.732338,-74.000495,"POINT (-74.000495 40.732338)",167,"M"
280,40.702566,-73.816859,"POINT (-73.816859 40.702566)",280,"Q"
282,40.744065,-73.949724,"POINT (-73.949724 40.744065)",282,"Q"
150,40.830518,-73.941514,"POINT (-73.941514 40.830518)",150,"M"
388,40.835537,-73.9214,"POINT (-73.9214 40.835537)",388,"Bx"
293,40.889248,-73.898583,"POINT (-73.898583 40.889248)",293,"Bx"
162,40.762456,-73.985984,"POINT (-73.985984 40.762456)",162,"M"
403,40.746081,-73.982076,"POINT (-73.982076 40.746081)",403,"M"
312,40.783934,-73.979917,"POINT (-73.979917 40.783934)",312,"M"
180,40.679921,-73.940858,"POINT (-73.940858 40.679921)",180,"Bk"
420,40.883895,-73.862633,"POINT (-73.862633 40.883895)",420,"Bx"
265,40.737015,-73.877223,"POINT (-73.877223 40.737015)",265,"Q"
73,40.624842,-73.996353,"POINT (-73.996353 40.624842)",615,"Bk"
151,40.824783,-73.944216,"POINT (-73.944216 40.824783)",151,"M"
4,40.76182,-73.925508,"POINT (-73.925508 40.76182)",4,"Q"
176,40.686113,-73.973946,"POINT (-73.973946 40.686113)",176,"Bk"
52,40.5993,-73.955929,"POINT (-73.955929 40.5993)",52,"Bk"
191,40.679843,-73.85147,"POINT (-73.85147 40.679843)",191,"Q"
31,40.660397,-73.998091,"POINT (-73.998091 40.660397)",31,"Bk"
270,40.756312,-73.913333,"POINT (-73.913333 40.756312)",270,"Q"
292,40.687119,-73.975375,"POINT (-73.975375 40.687119)",292,"Bk"
410,40.718803,-74.000193,"POINT (-74.000193 40.718803)",623,"M"
415,40.692404,-73.990151,"POINT (-73.990151 40.692404)",620,"Bk"
307,40.807722,-73.96411,"POINT (-73.96411 40.807722)",307,"M"
366,40.833226,-73.860816,"POINT (-73.860816 40.833226)",366,"Bx"
405,40.739864,-73.986599,"POINT (-73.986599 40.739864)",405,"M"
204,40.590927,-73.796924,"POINT (-73.796924 40.590927)",204,"Q"
383,40.858407,-73.903879,"POINT (-73.903879 40.858407)",383,"Bx"
275,40.757552,-73.969055,"POINT (-73.969055 40.757552)",612,"M"
42,40.661614,-73.962246,"POINT (-73.962246 40.661614)",42,"Bk"
319,40.747215,-73.993365,"POINT (-73.993365 40.747215)",319,"M"
20,40.713282,-74.006978,"POINT (-74.006978 40.713282)",20,"M"
260,40.718331,-73.837324,"POINT (-73.837324 40.718331)",260,"Q"
74,40.620671,-73.990414,"POINT (-73.990414 40.620671)",74,"Bk"
11,40.754672,-73.986754,"POINT (-73.986754 40.754672)",611,"M"
302,40.840556,-73.940133,"POINT (-73.940133 40.840556)",605,"M"
437,40.820421,-73.936245,"POINT (-73.936245 40.820421)",437,"M"
146,40.851695,-73.937969,"POINT (-73.937969 40.851695)",146,"M"
297,40.869444,-73.915279,"POINT (-73.915279 40.869444)",297,"M"
95,40.68963,-73.92227,"POINT (-73.92227 40.68963)",95,"Bk"
459,40.743781,-73.924016,"POINT (-73.924016 40.743781)",459,"Q"
236,40.686145,-73.990862,"POINT (-73.990862 40.686145)",236,"Bk"
181,40.679364,-73.930729,"POINT (-73.930729 40.679364)",181,"Bk"
477,40.768799,-73.958424,"POINT (-73.958424 40.768799)",477,"M"
334,40.697466,-73.993086,"POINT (-73.993086 40.697466)",334,"Bk"
160,40.775594,-73.97641,"POINT (-73.97641 40.775594)",160,"M"
187,40.67413,-73.88075,"POINT (-73.88075 40.67413)",187,"Bk"
35,40.641362,-74.017881,"POINT (-74.017881 40.641362)",35,"Bk"
172,40.710197,-74.007691,"POINT (-74.007691 40.710197)",628,"M"
361,40.84681,-73.832569,"POINT (-73.832569 40.84681)",361,"Bx"
219,40.827905,-73.925651,"POINT (-73.925651 40.827905)",604,"Bx"
398,40.77362,-73.959874,"POINT (-73.959874 40.77362)",398,"M"
48,40.62927,-73.961639,"POINT (-73.961639 40.62927)",48,"Bk"
329,40.707513,-74.013783,"POINT (-74.013783 40.707513)",329,"M"
6,40.752882,-73.932755,"POINT (-73.932755 40.752882)",6,"Q"
230,40.725297,-73.996204,"POINT (-73.996204 40.725297)",619,"M"
512,40.5564,-74.136907,"POINT (-74.136907 40.5564)",512,"SI"
80,40.700492,-73.828294,"POINT (-73.828294 40.700492)",80,"Q"
324,40.728251,-74.005367,"POINT (-74.005367 40.728251)",324,"M"
255,40.71047,-73.793604,"POINT (-73.793604 40.71047)",255,"Q"
245,40.629755,-73.976971,"POINT (-73.976971 40.629755)",245,"Bk"
442,40.8883,-73.830834,"POINT (-73.830834 40.8883)",442,"Bx"
287,40.700377,-73.950234,"POINT (-73.950234 40.700377)",287,"Bk"
63,40.626472,-73.996895,"POINT (-73.996895 40.626472)",615,"Bk"
346,40.664717,-73.92261,"POINT (-73.92261 40.664717)",346,"Bk"
427,40.840295,-73.880049,"POINT (-73.880049 40.840295)",427,"Bx"
395,40.7906,-73.947478,"POINT (-73.947478 40.7906)",395,"M"
208,40.600066,-73.761353,"POINT (-73.761353 40.600066)",208,"Q"
106,40.710374,-74.007582,"POINT (-74.007582 40.710374)",628,"M"
16,40.730328,-73.992629,"POINT (-73.992629 40.730328)",16,"M"
123,40.711926,-73.94067,"POINT (-73.94067 40.711926)",123,"Bk"
468,40.755983,-73.986229,"POINT (-73.986229 40.755983)",611,"M"
517,40.525507,-74.200064,"POINT (-74.200064 40.525507)",517,"SI"
351,40.665449,-73.889395,"POINT (-73.889395 40.665449)",351,"Bk"
447,40.7596,-73.83003,"POINT (-73.83003 40.7596)",447,"Q"
142,40.670343,-73.959245,"POINT (-73.959245 40.670343)",626,"Bk"
213,40.861296,-73.897749,"POINT (-73.897749 40.861296)",213,"Bx"
339,40.680829,-73.975098,"POINT (-73.975098 40.680829)",339,"Bk"
112,40.69943,-73.912385,"POINT (-73.912385 40.69943)",630,"Bk"
314,40.77344,-73.982209,"POINT (-73.982209 40.77344)",314,"M"
240,40.666271,-73.980305,"POINT (-73.980305 40.666271)",240,"Bk"
375,40.805368,-73.914042,"POINT (-73.914042 40.805368)",375,"Bx"
156,40.796092,-73.961454,"POINT (-73.961454 40.796092)",156,"M"
198,40.660476,-73.830301,"POINT (-73.830301 40.660476)",198,"Q"
356,40.650843,-73.949575,"POINT (-73.949575 40.650843)",356,"Bk"
454,40.746848,-73.891394,"POINT (-73.891394 40.746848)",616,"Q"
91,40.676992,-73.898654,"POINT (-73.898654 40.676992)",91,"Bk"
131,40.682829,-73.905249,"POINT (-73.905249 40.682829)",131,"Bk"
28,40.677316,-73.98311,"POINT (-73.98311 40.677316)",28,"Bk"
402,40.751776,-73.976848,"POINT (-73.976848 40.751776)",610,"M"
84,40.692435,-73.86001,"POINT (-73.86001 40.692435)",84,"Q"
223,40.764629,-73.966113,"POINT (-73.966113 40.764629)",223,"M"
23,40.703087,-74.012994,"POINT (-74.012994 40.703087)",635,"M"
430,40.824073,-73.893064,"POINT (-73.893064 40.824073)",430,"Bx"
136,40.658733,-73.899232,"POINT (-73.899232 40.658733)",136,"Bk"
423,40.865462,-73.867352,"POINT (-73.867352 40.865462)",423,"Bx"
226,40.754222,-73.984569,"POINT (-73.984569 40.754222)",609,"M"
251,40.596063,-73.973357,"POINT (-73.973357 40.596063)",251,"Bk"
391,40.813224,-73.929849,"POINT (-73.929849 40.813224)",391,"Bx"
67,40.604556,-73.998168,"POINT (-73.998168 40.604556)",67,"Bk"
60,40.640914,-73.994304,"POINT (-73.994304 40.640914)",60,"Bk"
241,40.660365,-73.979493,"POINT (-73.979493 40.660365)",241,"Bk"
328,40.711835,-74.012188,"POINT (-74.012188 40.711835)",328,"M"
167,40.732338,-74.000495,"POINT (-74.000495 40.732338)",167,"M"
283,40.731352,-73.954449,"POINT (-73.954449 40.731352)",283,"Bk"
102,40.718315,-73.987437,"POINT (-73.987437 40.718315)",625,"M"
119,40.730953,-73.981628,"POINT (-73.981628 40.730953)",119,"M"
55,40.577621,-73.961376,"POINT (-73.961376 40.577621)",55,"Bk"
163,40.757308,-73.989735,"POINT (-73.989735 40.757308)",611,"M"
3,40.766779,-73.921479,"POINT (-73.921479 40.766779)",3,"Q"
379,40.87975,-73.884655,"POINT (-73.884655 40.87975)",379,"Bx"
209,40.603995,-73.755405,"POINT (-73.755405 40.603995)",209,"Q"
116,40.737335,-73.996786,"POINT (-73.996786 40.737335)",601,"M"
360,40.852462,-73.828121,"POINT (-73.828121 40.852462)",360,"Bx"
465,40.751431,-73.976041,"POINT (-73.976041 40.751431)",610,"M"
371,40.820948,-73.890549,"POINT (-73.890549 40.820948)",371,"Bx"
505,40.603117,-74.084087,"POINT (-74.084087 40.603117)",505,"SI"
87,40.683194,-73.873785,"POINT (-73.873785 40.683194)",87,"Bk"
194,40.684331,-73.832163,"POINT (-73.832163 40.684331)",194,"Q"
147,40.847391,-73.939704,"POINT (-73.939704 40.847391)",147,"M"
296,40.874561,-73.909831,"POINT (-73.909831 40.874561)",296,"M"
311,40.788644,-73.976218,"POINT (-73.976218 40.788644)",311,"M"
419,40.888022,-73.860341,"POINT (-73.860341 40.888022)",419,"Bx"
266,40.742454,-73.882017,"POINT (-73.882017 40.742454)",266,"Q"
406,40.734673,-73.989951,"POINT (-73.989951 40.734673)",602,"M"
151,40.824783,-73.944216,"POINT (-73.944216 40.824783)",151,"M"
43,40.655292,-73.961495,"POINT (-73.961495 40.655292)",43,"Bk"
343,40.669847,-73.950466,"POINT (-73.950466 40.669847)",343,"Bk"
451,40.749145,-73.869527,"POINT (-73.869527 40.749145)",451,"Q"
38,40.622687,-74.028398,"POINT (-74.028398 40.622687)",38,"Bk"
387,40.840075,-73.917791,"POINT (-73.917791 40.840075)",387,"Bx"
434,40.816109,-73.917757,"POINT (-73.917757 40.816109)",434,"Bx"
298,40.864621,-73.918822,"POINT (-73.918822 40.864621)",298,"M"
315,40.768247,-73.981929,"POINT (-73.981929 40.768247)",614,"M"
199,40.608382,-73.815925,"POINT (-73.815925 40.608382)",199,"Q"
177,40.683263,-73.965838,"POINT (-73.965838 40.683263)",177,"Bk"
182,40.678822,-73.920786,"POINT (-73.920786 40.678822)",182,"Bk"
455,40.746325,-73.896403,"POINT (-73.896403 40.746325)",455,"Q"
70,40.588841,-73.983765,"POINT (-73.983765 40.588841)",70,"Bk"
264,40.733106,-73.869229,"POINT (-73.869229 40.733106)",264,"Q"
522,40.512764,-74.251961,"POINT (-74.251961 40.512764)",522,"SI"
92,40.679498,-73.904512,"POINT (-73.904512 40.679498)",621,"Bk"
128,40.699814,-73.911586,"POINT (-73.911586 40.699814)",630,"Bk"
461,40.750582,-73.940202,"POINT (-73.940202 40.750582)",461,"Q"
99,40.703869,-73.947408,"POINT (-73.947408 40.703869)",99,"Bk"
509,40.578965,-74.109704,"POINT (-74.109704 40.578965)",509,"SI"
279,40.700486,-73.807969,"POINT (-73.807969 40.700486)",279,"Q"
460,40.744587,-73.930997,"POINT (-73.930997 40.744587)",460,"Q"
155,40.800603,-73.958161,"POINT (-73.958161 40.800603)",155,"M"
259,40.714441,-73.831008,"POINT (-73.831008 40.714441)",259,"Q"
320,40.744081,-73.995657,"POINT (-73.995657 40.744081)",320,"M"
175,40.688484,-73.985001,"POINT (-73.985001 40.688484)",175,"Bk"
15,40.735736,-73.990568,"POINT (-73.990568 40.735736)",602,"M"
438,40.814229,-73.94077,"POINT (-73.94077 40.814229)",438,"M"
75,40.61741,-73.985026,"POINT (-73.985026 40.61741)",75,"Bk"
145,40.859022,-73.93418,"POINT (-73.93418 40.859022)",145,"M"
291,40.688089,-73.966839,"POINT (-73.966839 40.688089)",291,"Bk"
374,40.808719,-73.907657,"POINT (-73.907657 40.808719)",374,"Bx"
94,40.68637,-73.916559,"POINT (-73.916559 40.68637)",94,"Bk"
231,40.718267,-73.993753,"POINT (-73.993753 40.718267)",231,"M"
79,40.592721,-73.97823,"POINT (-73.97823 40.592721)",79,"Bk"
347,40.661453,-73.916327,"POINT (-73.916327 40.661453)",347,"Bk"
513,40.551231,-74.151399,"POINT (-74.151399 40.551231)",513,"SI"
335,40.693219,-73.989998,"POINT (-73.989998 40.693219)",620,"Bk"
111,40.702762,-73.90774,"POINT (-73.90774 40.702762)",111,"Q"
203,40.580903,-73.835592,"POINT (-73.835592 40.580903)",203,"Q"
124,40.707739,-73.93985,"POINT (-73.93985 40.707739)",124,"Bk"
218,40.833771,-73.91844,"POINT (-73.91844 40.833771)",218,"Bx"
352,40.666235,-73.884079,"POINT (-73.884079 40.666235)",352,"Bk"
518,40.52241,-74.217847,"POINT (-74.217847 40.52241)",518,"SI"
443,40.878663,-73.838591,"POINT (-73.838591 40.878663)",443,"Bx"
288,40.694568,-73.949046,"POINT (-73.949046 40.694568)",288,"Bk"
428,40.837288,-73.887734,"POINT (-73.887734 40.837288)",428,"Bx"
274,40.747846,-73.946,"POINT (-73.946 40.747846)",606,"Q"
382,40.862803,-73.901034,"POINT (-73.901034 40.862803)",382,"Bx"
159,40.781433,-73.972143,"POINT (-73.972143 40.781433)",159,"M"
501,40.643748,-74.073643,"POINT (-74.073643 40.643748)",501,"SI"
19,40.718383,-74.00046,"POINT (-74.00046 40.718383)",623,"M"
186,40.67271,-73.890358,"POINT (-73.890358 40.67271)",186,"Bk"
303,40.834041,-73.94489,"POINT (-73.94489 40.834041)",303,"M"
362,40.843863,-73.836322,"POINT (-73.836322 40.843863)",362,"Bx"
30,40.665414,-73.992872,"POINT (-73.992872 40.665414)",30,"Bk"
171,40.712582,-74.009781,"POINT (-74.009781 40.712582)",624,"M"
141,40.674772,-73.957624,"POINT (-73.957624 40.674772)",141,"Bk"
47,40.635082,-73.962793,"POINT (-73.962793 40.635082)",47,"Bk"
271,40.756879,-73.92074,"POINT (-73.92074 40.756879)",271,"Q"
256,40.707564,-73.803326,"POINT (-73.803326 40.707564)",256,"Q"
323,40.733422,-74.002906,"POINT (-74.002906 40.733422)",323,"M"
414,40.704817,-74.014065,"POINT (-74.014065 40.704817)",414,"M"
367,40.831509,-73.867618,"POINT (-73.867618 40.831509)",367,"Bx"
306,40.815581,-73.958372,"POINT (-73.958372 40.815581)",306,"M"
7,40.76266,-73.967258,"POINT (-73.967258 40.76266)",613,"M"
235,40.701397,-73.986751,"POINT (-73.986751 40.701397)",235,"Bk"
246,40.625322,-73.976127,"POINT (-73.976127 40.625322)",246,"Bk"
62,40.631435,-73.995476,"POINT (-73.995476 40.631435)",62,"Bk"
207,40.595398,-73.768175,"POINT (-73.768175 40.595398)",207,"Q"
107,40.706476,-74.011056,"POINT (-74.011056 40.706476)",107,"M"
396,40.785672,-73.95107,"POINT (-73.95107 40.785672)",396,"M"
12,40.749567,-73.98795,"POINT (-73.98795 40.749567)",607,"M"
469,40.752769,-73.979189,"POINT (-73.979189 40.752769)",610,"M"
330,40.702068,-74.013664,"POINT (-74.013664 40.702068)",635,"M"
214,40.856093,-73.900741,"POINT (-73.900741 40.856093)",214,"Bx"
411,40.713065,-74.004131,"POINT (-74.004131 40.713065)",622,"M"
152,40.817894,-73.947649,"POINT (-73.947649 40.817894)",152,"M"
424,40.857192,-73.867615,"POINT (-73.867615 40.857192)",424,"Bx"
76,40.611815,-73.981848,"POINT (-73.981848 40.611815)",76,"Bk"
439,40.807754,-73.945495,"POINT (-73.945495 40.807754)",439,"M"
61,40.63626,-73.994791,"POINT (-73.994791 40.63626)",61,"Bk"
39,40.616622,-74.030876,"POINT (-74.030876 40.616622)",39,"Bk"
284,40.724635,-73.951277,"POINT (-73.951277 40.724635)",284,"Bk"
168,40.726227,-74.003739,"POINT (-74.003739 40.726227)",168,"M"
386,40.844434,-73.914685,"POINT (-73.914685 40.844434)",386,"Bx"
148,40.840719,-73.939561,"POINT (-73.939561 40.840719)",605,"M"
278,40.702147,-73.801109,"POINT (-73.801109 40.702147)",278,"Q"
299,40.860531,-73.925536,"POINT (-73.925536 40.860531)",299,"M"
34,40.645069,-74.014034,"POINT (-74.014034 40.645069)",34,"Bk"
190,40.679371,-73.858992,"POINT (-73.858992 40.679371)",190,"Q"
183,40.67834,-73.911946,"POINT (-73.911946 40.67834)",183,"Bk"
267,40.746644,-73.891338,"POINT (-73.891338 40.746644)",616,"Q"
51,40.60867,-73.957734,"POINT (-73.957734 40.60867)",51,"Bk"
397,40.779492,-73.955589,"POINT (-73.955589 40.779492)",397,"M"
2,40.770258,-73.917843,"POINT (-73.917843 40.770258)",2,"Q"
429,40.829993,-73.891865,"POINT (-73.891865 40.829993)",429,"Bx"
210,40.874811,-73.878855,"POINT (-73.878855 40.874811)",210,"Bx"
450,40.749865,-73.8627,"POINT (-73.8627 40.749865)",450,"Q"
355,40.656652,-73.9502,"POINT (-73.9502 40.656652)",355,"Bk"
239,40.670272,-73.989779,"POINT (-73.989779 40.670272)",608,"Bk"
242,40.650782,-73.975776,"POINT (-73.975776 40.650782)",242,"Bk"
252,40.58962,-73.97425,"POINT (-73.97425 40.58962)",252,"Bk"
418,40.893193,-73.857473,"POINT (-73.857473 40.893193)",418,"Bx"
127,40.703811,-73.918425,"POINT (-73.918425 40.703811)",127,"Bk"
137,40.650573,-73.899485,"POINT (-73.899485 40.650573)",137,"Bk"
464,40.742626,-73.953581,"POINT (-73.953581 40.742626)",464,"Q"
392,40.804138,-73.937594,"POINT (-73.937594 40.804138)",392,"M"
508,40.583591,-74.103338,"POINT (-74.103338 40.583591)",508,"SI"
327,40.715478,-74.009266,"POINT (-74.009266 40.715478)",327,"M"
195,40.685951,-73.825798,"POINT (-73.825798 40.685951)",195,"Q"
66,40.607954,-74.001736,"POINT (-74.001736 40.607954)",66,"Bk"
103,40.72028,-73.993915,"POINT (-73.993915 40.72028)",103,"M"
29,40.670847,-73.988302,"POINT (-73.988302 40.670847)",608,"Bk"
342,40.670682,-73.958131,"POINT (-73.958131 40.670682)",626,"Bk"
407,40.730054,-73.99107,"POINT (-73.99107 40.730054)",407,"M"
44,40.650527,-73.962982,"POINT (-73.962982 40.650527)",44,"Bk"
24,40.6941,-73.991777,"POINT (-73.991777 40.6941)",620,"Bk"
93,40.682893,-73.910456,"POINT (-73.910456 40.682893)",93,"Bk"
456,40.74563,-73.902984,"POINT (-73.902984 40.74563)",456,"Q"
56,40.576312,-73.968501,"POINT (-73.968501 40.576312)",56,"Bk"
88,40.68141,-73.880039,"POINT (-73.880039 40.68141)",88,"Bk"
132,40.678856,-73.90324,"POINT (-73.90324 40.678856)",621,"Bk"
295,40.878856,-73.904834,"POINT (-73.904834 40.878856)",295,"Bx"
263,40.729846,-73.861604,"POINT (-73.861604 40.729846)",263,"Q"
164,40.752287,-73.993391,"POINT (-73.993391 40.752287)",164,"M"
200,40.588034,-73.813641,"POINT (-73.813641 40.588034)",200,"Q"
316,40.761728,-73.983849,"POINT (-73.983849 40.761728)",316,"M"
310,40.793919,-73.972323,"POINT (-73.972323 40.793919)",310,"M"
178,40.68138,-73.956848,"POINT (-73.956848 40.68138)",627,"Bk"
401,40.757107,-73.97192,"POINT (-73.97192 40.757107)",612,"M"
71,40.635064,-74.011719,"POINT (-74.011719 40.635064)",71,"Bk"
519,40.519631,-74.229141,"POINT (-74.229141 40.519631)",519,"SI"
338,40.684359,-73.977666,"POINT (-73.977666 40.684359)",617,"Bk"
359,40.632836,-73.947642,"POINT (-73.947642 40.632836)",359,"Bk"
378,40.886037,-73.878751,"POINT (-73.878751 40.886037)",378,"Bx"
227,40.749719,-73.987823,"POINT (-73.987823 40.749719)",607,"M"
446,40.854364,-73.860495,"POINT (-73.860495 40.854364)",446,"Bx"
115,40.739777,-74.002578,"POINT (-74.002578 40.739777)",618,"M"
461,40.750582,-73.940202,"POINT (-73.940202 40.750582)",461,"Q"
370,40.826525,-73.886283,"POINT (-73.886283 40.826525)",370,"Bx"
98,40.70026,-73.941126,"POINT (-73.941126 40.70026)",98,"Bk"
504,40.621319,-74.071402,"POINT (-74.071402 40.621319)",504,"SI"
331,40.713051,-74.008811,"POINT (-74.008811 40.713051)",624,"M"
433,40.81649,-73.907807,"POINT (-73.907807 40.81649)",433,"Bx"
215,40.85041,-73.905227,"POINT (-73.905227 40.85041)",215,"Bx"
120,40.717304,-73.956872,"POINT (-73.956872 40.717304)",120,"Bk"
222,40.759145,-73.95326,"POINT (-73.95326 40.759145)",222,"M"
83,40.693879,-73.851576,"POINT (-73.851576 40.693879)",83,"Q"
514,40.544601,-74.16457,"POINT (-74.16457 40.544601)",514,"SI"
232,40.723402,-73.989938,"POINT (-73.989938 40.723402)",232,"M"
348,40.662549,-73.908946,"POINT (-73.908946 40.662549)",348,"Bk"
